vlm_model,mode,n,macro_f1,mean_per_video_f1,std_per_video_f1
internvl2_2b,stm,17,0.24285714285714288,0.4117647058823529,0.4921529567847504
internvl2_2b,none,17,0.2554334554334554,0.4117647058823529,0.4921529567847504
